,First_Name,Last_Name,Gender,Country,Age,Date,Id,Salary
1,Dulce,Abril,Female,United States,32,15/10/2017,1562,254
2,Mara,Hashimoto,Female,Great Britain,25,16/08/2016,1582,255
3,Philip,Gent,Male,France,36,21/05/2015,2587,256
4,Kathleen,Hanner,Female,United States,25,15/10/2017,3549,257
5,Nereida,Magwood,Female,United States,58,16/08/2016,2468,258
6,Gaston,Brumm,Male,United States,24,21/05/2015,2554,259
7,Etta,Hurn,Female,Great Britain,56,15/10/2017,3598,260
8,Earlean,Melgar,Female,United States,27,16/08/2016,2456,261
9,Vincenza,Weiland,Female,United States,40,21/05/2015,6548,262
10,Fallon,Winward,Female,Great Britain,28,16/08/2016,5486,263
11,Arcelia,Bouska,Female,Great Britain,39,21/05/2015,1258,264
12,Franklyn,Unknow,Male,France,38,15/10/2017,2579,265
13,Sherron,Ascencio,Female,Great Britain,32,16/08/2016,3256,266
14,Marcel,Zabriskie,Male,Great Britain,26,21/05/2015,2587,267
15,Kina,Hazelton,Female,Great Britain,31,16/08/2016,3259,268
16,Shavonne,Pia,Female,France,24,21/05/2015,1546,269
17,Shavon,Benito,Female,France,39,15/10/2017,3579,270
18,Lauralee,Perrine,Female,Great Britain,28,16/08/2016,6597,271
19,Loreta,Curren,Female,France,26,21/05/2015,9654,272
20,Teresa,Strawn,Female,France,46,21/05/2015,3569,273
21,Belinda,Partain,Female,United States,37,15/10/2017,2564,274
22,Holly,Eudy,Female,United States,52,16/08/2016,8561,275
23,Many,Cuccia,Female,Great Britain,46,21/05/2015,5489,276
24,Libbie,Dalby,Female,France,42,21/05/2015,5489,277
25,Lester,Prothro,Male,France,21,15/10/2017,6574,278
26,Marvel,Hail,Female,Great Britain,28,16/08/2016,5555,279
27,Angelyn,Vong,Female,United States,29,21/05/2015,6125,280
28,Francesca,Beaudreau,Female,France,23,15/10/2017,5412,281
29,Garth,Gangi,Male,United States,41,16/08/2016,3256,282
30,Carla,Trumbull,Female,Great Britain,28,21/05/2015,3264,283
31,Veta,Muntz,Female,Great Britain,37,15/10/2017,4569,284
32,Stasia,Becker,Female,Great Britain,34,16/08/2016,7521,285
33,Jona,Grindle,Female,Great Britain,26,21/05/2015,6458,286
34,Judie,Claywell,Female,France,35,16/08/2016,7569,287
35,Dewitt,Borger,Male,United States,36,21/05/2015,8514,288
36,Nena,Hacker,Female,United States,29,15/10/2017,8563,289
37,Kelsie,Wachtel,Female,France,27,16/08/2016,8642,290
38,Sau,Pfau,Female,United States,25,21/05/2015,9536,291
39,Shanice,Mccrystal,Female,United States,36,21/05/2015,2567,292
40,Chase,Karner,Male,United States,37,15/10/2017,2154,293
41,Tommie,Underdahl,Male,United States,26,16/08/2016,3265,294
42,Dorcas,Darity,Female,United States,37,21/05/2015,8765,295
43,Angel,Sanor,Male,France,24,15/10/2017,3259,296
44,Willodean,Harn,Female,United States,39,16/08/2016,3567,297
45,Weston,Martina,Male,United States,26,21/05/2015,6540,298
46,Roma,Lafollette,Female,United States,34,15/10/2017,2654,299
47,Felisa,Cail,Female,United States,28,16/08/2016,6525,300
48,Demetria,Abbey,Female,United States,32,21/05/2015,3265,301
49,Jeromy,Danz,Male,United States,39,15/10/2017,3265,302
50,Rasheeda,Alkire,Female,United States,29,16/08/2016,6125,303

